question,style,response
Which job roles appear to have the highest burnout risk?,executive,"## Executive Summary: Burnout Risk by Job Role

**Main Finding:** The dataset shows significant variation in burnout risk across job roles, but a detailed breakdown by role is needed to identify which specific positions face the highest risk.

**Key Observations:**
- Overall burnout levels are concerning: 73% of employees show high burnout risk, with only 2% at low risk
- Six job roles are represented: Developers (largest group at 1,115 employees), followed by Analysts, Designers, Marketers, Managers, and Writers
- Average burnout score across all roles is 8.35 out of 10, indicating elevated risk company-wide

**Analysis Needed:**
To determine which roles have highest burnout risk, we would examine:
- Average burnout scores by job role
- Distribution of high/medium/low burnout categories within each role
- Associated factors like manual work hours, deadline pressure, and work-life balance scores per role

**Workplace Implications:**
- Role-specific burnout patterns could inform targeted intervention strategies
- High-risk roles may need workload redistribution, additional support, or process improvements
- Current burnout levels suggest urgent need for organization-wide wellbeing initiatives

**Recommendation:** Conduct immediate role-by-role burnout analysis to prioritize intervention efforts and allocate resources to the most affected positions."
Which job roles appear to have the highest burnout risk?,analytical,"## Burnout Risk Patterns by Job Role

Based on the available dataset context, I cannot definitively rank which job roles have the highest burnout risk, as the summary statistics don't provide role-specific burnout breakdowns. However, I can outline the analytical approach and what patterns would be most informative.

### Current Dataset Overview
The dataset includes 4,500 employees across six job roles with varying representation:
- **Developers**: 1,115 employees (25% of workforce)
- **Analysts**: 892 employees (20%)
- **Designers**: 722 employees (16%)
- **Marketers**: 658 employees (15%)
- **Managers**: 652 employees (14%)
- **Writers**: 461 employees (10%)

### Burnout Risk Distribution
Company-wide burnout levels show concerning patterns:
- **High risk**: 73% of employees (3,303 individuals)
- **Medium risk**: 24% of employees (1,087 individuals)  
- **Low risk**: Only 2% of employees (110 individuals)

### Analytical Framework for Role Comparison
To identify high-risk roles, the analysis would examine:

**Primary Burnout Indicators by Role:**
- Average burnout risk scores across the six job categories
- Distribution of high/medium/low burnout classifications within each role
- Comparison of role-specific scores against the overall average of 8.35

**Supporting Work Pattern Analysis:**
- **Workload factors**: Manual work hours (avg 22.37), meeting hours, and collaboration time by role
- **Pressure indicators**: Deadline pressure levels and task complexity scores
- **Balance metrics**: Work-life balance scores (avg 4.72) and focus hours per day
- **Technology adoption**: AI tool usage patterns and automation percentages

### Expected Patterns to Investigate
Different roles likely show distinct burnout risk profiles based on their work characteristics. For example, roles with higher manual work requirements, frequent deadline pressures, or extensive meeting schedules might correlate with elevated burnout scores, while roles with greater task automation or flexibility might show different patterns.

A complete role-by-role analysis of these metrics would reveal which positions face the greatest burnout challenges and help identify the specific work factors most strongly associated with burnout risk in each role."
Which job roles appear to have the highest burnout risk?,technical,"## Technical Analysis: Role-Specific Burnout Risk Assessment

### Data Limitations
The provided dataset summary does not include role-stratified burnout metrics. To identify job roles with highest burnout risk, analysis would require computing `burnout_risk_score` means and `burnout_risk_level` distributions grouped by the categorical `job_role` variable.

### Required Analytical Framework

**Primary Analysis Variables:**
- **Dependent variables**: `burnout_risk_score` (continuous) and `burnout_risk_level` (categorical: High/Medium/Low)
- **Grouping variable**: `job_role` (6 categories with unequal sample sizes: n=461-1115)

**Statistical Approach:**
1. Calculate mean `burnout_risk_score` by `job_role` with confidence intervals
2. Compute proportion of employees in ""High"" `burnout_risk_level` category by role
3. Test for significant between-group differences using appropriate methods (ANOVA for continuous scores, chi-square for categorical levels)

### Sample Size Considerations
Role representation varies substantially:
- **Developers**: n=1115 (24.8% of sample)
- **Analysts**: n=892 (19.8%)
- **Designers**: n=722 (16.0%)
- **Marketers**: n=658 (14.6%)
- **Managers**: n=652 (14.5%)
- **Writers**: n=461 (10.2%)

This unbalanced design may affect statistical power for detecting role-specific patterns, particularly for the Writer category.

### Associated Work Pattern Variables
Role-based burnout risk assessment should incorporate relevant covariates:

**Workload indicators:**
- `manual_work_hours_per_week`, `meeting_hours_per_week`, `collaboration_hours_per_week`
- `deadline_pressure_level` (ordinal categorical)
- `task_complexity_score`

**Technology adoption metrics:**
- `ai_tool_usage_hours_per_week`, `tasks_automated_percent`
- `learning_time_hours_per_week`

**Performance/wellbeing correlates:**
- `work_life_balance_score`, `focus_hours_per_day`
- `error_rate_percent`, `productivity_score`

### Baseline Context
Current population parameters:
- Mean `burnout_risk_score`: 8.35 (scale undefined)
- `burnout_risk_level` distribution: 73.4% High, 24.2% Medium, 2.4% Low
- Mean `work_life_balance_score`: 4.72

This distribution indicates substantial right-skewing toward high burnout risk across all roles, suggesting role-specific differences may be relative rather than absolute.

### Methodological Note
Any identified role-burnout associations should be interpreted as correlational patterns rather than causal relationships, given the cross-sectional nature of employee-level observational data. Confounding variables such as `experience_years` and organization-specific factors may mediate observed role differences."
How does AI tool usage relate to burnout risk in this dataset?,executive,"## Executive Summary: AI Tool Usage and Burnout Risk Patterns

**Main Finding:** The relationship between AI tool usage and burnout risk requires deeper analysis, but the dataset shows employees average 10.35 hours per week using AI tools while facing high burnout levels (73% at high risk).

**Key Data Points:**
- Average AI tool usage: 10.35 hours per week across all employees
- Average manual work: 22.37 hours per week (more than double AI usage time)
- Overall burnout score: 8.35 out of 10, indicating widespread burnout issues
- Only 2% of employees show low burnout risk

**Analysis Needed:**
To understand AI-burnout patterns, examine:
- Burnout scores for employees with high vs. low AI tool usage
- How task automation percentage relates to burnout levels
- Whether roles with more AI adoption show different burnout patterns
- Connection between learning time (for new AI tools) and burnout risk

**Workplace Implications:**
- Current AI adoption may not be reducing burnout as expected
- High manual work hours alongside AI usage suggests incomplete workflow integration
- Time spent learning new AI tools could be adding to workload rather than reducing it
- Different job roles may benefit differently from AI tool implementation

**Immediate Action:** Analyze whether employees using AI tools more extensively show lower burnout scores, and identify which roles are seeing the most benefit from AI adoption to guide future technology rollouts."
How does AI tool usage relate to burnout risk in this dataset?,analytical,"## AI Tool Usage and Burnout Risk Associations

The relationship between AI tool usage and burnout risk in this dataset requires careful examination of multiple variables, as the available summary statistics don't provide direct correlations between AI usage and burnout outcomes.

### Current AI Adoption Context
Employees average 10.35 hours per week using AI tools, which represents a significant time investment. However, this occurs alongside 22.37 hours of manual work per week on average—more than double the AI usage time. This suggests that AI adoption may be supplementing rather than replacing traditional work methods.

### Key Variables for Analysis
The dataset contains several AI-related metrics that would reveal different aspects of the AI-burnout relationship:

**AI Engagement Measures:**
- `ai_tool_usage_hours_per_week`: Direct time investment in AI tools
- `tasks_automated_percent`: Extent of workflow automation achieved
- `learning_time_hours_per_week`: Time spent acquiring new AI/tool skills

**Burnout Indicators:**
- `burnout_risk_score`: Continuous measure (average 8.35)
- `burnout_risk_level`: Categorical classification (73% high risk)

### Potential Pattern Analysis
To understand AI-burnout associations, the analysis would examine:

**Usage Intensity Patterns:** Comparing burnout scores across different levels of AI tool usage hours. Employees with higher AI usage might show different burnout patterns than those with minimal usage.

**Automation Effectiveness:** The relationship between `tasks_automated_percent` and burnout risk could reveal whether successful automation correlates with lower burnout, independent of time spent using tools.

**Learning Burden:** Higher `learning_time_hours_per_week` might associate with increased burnout if employees face pressure to constantly adapt to new technologies.

### Contextual Factors
Several workplace variables could moderate AI-burnout associations:

**Role-Specific Patterns:** Different job roles show varying AI adoption rates and burnout susceptibility. Developers (the largest group) may have different AI-burnout associations than Managers or Writers.

**Workload Integration:** The relationship between `manual_work_hours_per_week` and AI usage could indicate whether AI tools are reducing overall workload or adding to existing responsibilities.

**Performance Correlates:** Associations between AI usage, `productivity_score` (average 64.95), and `error_rate_percent` might help explain any observed burnout patterns.

### Current Limitations
The high overall burnout levels (73% high risk, average score 8.35) suggest that current AI adoption levels—whatever the specific usage patterns—are not preventing widespread burnout issues across the organization. This could indicate either that AI tools aren't effectively reducing work stress, or that other factors are driving burnout regardless of technology adoption.

A detailed analysis segmenting employees by AI usage levels and examining their corresponding burnout scores, automation success, and role-specific patterns would provide clearer insights into these associations."
How does AI tool usage relate to burnout risk in this dataset?,technical,"## Technical Analysis: AI Tool Usage and Burnout Risk Associations

### Variable Specification and Analytical Framework

The dataset contains three AI-related continuous variables that would enable multidimensional analysis of AI-burnout associations:

**Primary AI Variables:**
- `ai_tool_usage_hours_per_week` (μ = 10.35): Direct time investment measure
- `tasks_automated_percent`: Automation effectiveness indicator
- `learning_time_hours_per_week`: Technology adaptation overhead

**Burnout Outcome Variables:**
- `burnout_risk_score` (μ = 8.35, scale unspecified): Continuous dependent variable
- `burnout_risk_level`: Categorical outcome (73.4% High, 24.2% Medium, 2.4% Low)

### Statistical Considerations

**Distribution Properties:**
The `burnout_risk_level` exhibits severe class imbalance with 97.6% of observations in Medium-High categories, potentially limiting discriminatory power for detecting AI usage effects across burnout categories.

**Correlation Structure:**
Analysis would require examination of Pearson correlations between `ai_tool_usage_hours_per_week` and `burnout_risk_score`, with potential non-linear relationships assessed through scatterplot analysis and polynomial regression diagnostics.

### Methodological Approach

**Univariate Associations:**
- Correlation coefficient between `ai_tool_usage_hours_per_week` and `burnout_risk_score`
- ANOVA comparing mean `burnout_risk_score` across quantiles of AI usage hours
- Logistic regression with `burnout_risk_level` as ordinal outcome

**Multivariate Analysis:**
Key confounding variables requiring statistical control:
- `manual_work_hours_per_week` (μ = 22.37): Potential mediator of workload effects
- `job_role`: 6-level categorical with unequal cell sizes (n = 461-1115)
- `experience_years`: Potential moderator of technology adoption effects
- `deadline_pressure_level`: Ordinal stress indicator

### Interaction Effects Framework

**Role-Stratified Analysis:**
AI-burnout associations may vary systematically by `job_role`, requiring interaction term testing (AI_usage × job_role) given different technology adoption patterns across positions.

**Automation Effectiveness:**
The relationship between `ai_tool_usage_hours_per_week` and `tasks_automated_percent` represents a crucial efficiency metric. Low correlation between these variables would suggest ineffective AI implementation, potentially mediating burnout associations.

### Competing Hypotheses

**Workload Addition vs. Substitution:**
Current data showing μ = 22.37 hours of `manual_work_hours_per_week` alongside μ = 10.35 hours of AI usage suggests potential workload augmentation rather than substitution. The correlation between these variables would distinguish between:
- Negative correlation: AI substitution hypothesis
- Positive/null correlation: AI addition hypothesis

**Learning Burden Effects:**
Higher `learning_time_hours_per_week` may positively associate with `burnout_risk_score` if continuous tool adaptation creates cognitive overhead, independent of productivity gains.

### Analytical Limitations

**Cross-Sectional Design:**
Employee-level observational data precludes causal inference regarding AI adoption → burnout relationships. Reverse causality (burnout → reduced AI engagement) remains plausible.

**Omitted Variable Bias:**
Unmeasured organizational factors (AI implementation quality, training adequacy, management support) may confound observed AI-burnout associations.

**Measurement Validity:**
Self-reported `ai_tool_usage_hours_per_week` may exhibit recall bias, and the relationship between reported usage and actual productive AI utilization remains unvalidated.

### Required Analytical Output

Precise characterization of AI-burnout associations requires:
1. Correlation matrix of AI variables with burnout outcomes
2. Role-stratified regression coefficients with confidence intervals
3. Mediation analysis through `productivity_score` and `work_life_balance_score`
4. Residual analysis for model specification adequacy"
"Show employees with high burnout risk and low productivity, and summarize what they have in common.",executive,"## Executive Summary: High Burnout, Low Productivity Employee Profile

**Main Finding:** While I cannot provide specific numbers for this employee subgroup from the available data, the dataset allows us to identify employees with ""High"" burnout risk levels and below-average productivity scores (under 64.95) to understand their common workplace patterns.

**How to Identify This Group:**
Filter employees where:
- Burnout risk level = ""High"" (currently 73% of workforce)
- Productivity score < 64.95 (below company average)

**Expected Common Characteristics to Analyze:**
Based on available workplace factors, this high-risk group likely shows patterns in:
- **Workload pressure**: High manual work hours, excessive meeting time, or high deadline pressure
- **Work-life balance**: Below-average scores (company average is 4.72)
- **Focus challenges**: Reduced deep work hours per day
- **Error rates**: Higher percentage of mistakes
- **Technology gaps**: Lower AI tool usage or automation levels
- **Role distribution**: Concentration in specific job categories

**Workplace Implications:**
- This subgroup represents employees in a critical state—struggling with both wellbeing and performance
- Immediate intervention needed to prevent further deterioration
- Common patterns could reveal systemic workplace issues affecting multiple employees
- Targeted support programs should address both burnout recovery and productivity barriers

**Immediate Action Required:**
Conduct detailed analysis of this subgroup to identify shared workplace factors (excessive workload, insufficient automation, poor work-life balance) and develop targeted intervention strategies before performance and wellbeing decline further.

**Note:** Specific employee counts and detailed characteristics require filtering the full dataset by these criteria."
"Show employees with high burnout risk and low productivity, and summarize what they have in common.",analytical,"## Analysis of High Burnout Risk, Low Productivity Employee Subgroup

### Subgroup Definition and Size
This analysis would identify employees meeting two criteria:
- `burnout_risk_level` = ""High"" (representing 73.4% of the workforce, or 3,303 employees)
- `productivity_score` below the dataset mean of 64.95

The intersection of these conditions would create a subset of the 3,303 high burnout employees who are also underperforming productivity-wise. The exact size of this overlap cannot be determined from the available summary statistics.

### Analytical Framework for Common Characteristics

**Workload and Time Allocation Patterns:**
This subgroup's work patterns could be examined across multiple dimensions:
- `manual_work_hours_per_week`: Potentially above the 22.37 average, suggesting overwhelming manual workloads
- `meeting_hours_per_week` and `collaboration_hours_per_week`: May show excessive time in meetings relative to productive work
- `focus_hours_per_day`: Likely below average, indicating fragmented attention that impacts both wellbeing and output

**Technology Adoption and Efficiency:**
- `ai_tool_usage_hours_per_week`: Could be below the 10.35 average, suggesting limited access to productivity-enhancing tools
- `tasks_automated_percent`: Potentially lower automation rates, leaving employees stuck with time-consuming manual processes
- `learning_time_hours_per_week`: May show either insufficient time for skill development or excessive learning burden without productivity gains

### Expected Workplace Stress Indicators

**Pressure and Complexity Factors:**
- `deadline_pressure_level`: This subgroup likely shows higher concentration in ""High"" pressure categories
- `task_complexity_score`: May exhibit scores that are either overwhelming or misaligned with employee capabilities
- `error_rate_percent`: Expected to be above average, potentially reflecting the stress-performance relationship

**Work-Life Integration:**
- `work_life_balance_score`: Almost certainly below the company average of 4.72, given the dual challenges of high burnout and low productivity
- This metric could reveal whether poor balance is associated with both outcomes simultaneously

### Role Distribution Analysis
The high burnout, low productivity employees may not be evenly distributed across the six job roles:
- **Developers** (1,115 total): Largest group, so likely highest absolute numbers in this subgroup
- **Analysts, Designers, Marketers, Managers, Writers**: Proportional representation in this subgroup compared to overall role distribution would indicate role-specific risk patterns

### Comparative Analysis Opportunities
Understanding this subgroup requires comparison with other employee segments:
- **High burnout, high productivity**: Employees who maintain performance despite burnout risk
- **Low burnout, low productivity**: Employees with different underlying performance challenges
- **Company averages**: Baseline metrics for all measured variables

### Limitations and Interpretive Cautions
The available dataset summary doesn't provide correlation coefficients or cross-tabulations, so the actual relationships between burnout risk and productivity scores remain unknown. Additionally, since both burnout and productivity are likely influenced by multiple workplace factors, identifying ""common characteristics"" requires careful analysis to distinguish between:
- Shared contributing factors
- Coincidental associations
- Measurement artifacts

A complete analysis would require filtering the full dataset to this specific subgroup and computing descriptive statistics across all workplace variables to identify the most distinctive patterns compared to other employee segments."
"Show employees with high burnout risk and low productivity, and summarize what they have in common.",technical,"## Technical Analysis: High Burnout Risk, Low Productivity Subgroup Identification

### Subgroup Selection Criteria

**Boolean Filter Construction:**
```
target_subgroup = (burnout_risk_level == ""High"") & (productivity_score < 64.95)
```

Where:
- `burnout_risk_level` categorical filter selects from 3,303 employees (73.4% of n=4500)
- `productivity_score` continuous threshold set at population mean (μ = 64.95)

**Sample Size Estimation Limitations:**
The intersection size cannot be determined from marginal distributions alone. Requires cross-tabulation of `burnout_risk_level` × `productivity_score` quantiles to estimate subgroup n.

### Variable Profile Analysis Framework

**Continuous Variable Comparisons:**
For employees meeting selection criteria, compute descriptive statistics relative to population parameters:

**Workload Variables:**
- `manual_work_hours_per_week`: Compare subgroup mean to population μ = 22.37
- `meeting_hours_per_week`, `collaboration_hours_per_week`: Assess time allocation patterns
- `focus_hours_per_day`: Potential negative deviation from population mean

**Technology Adoption Variables:**
- `ai_tool_usage_hours_per_week`: Expected below population μ = 10.35
- `tasks_automated_percent`: Automation efficiency metric
- `learning_time_hours_per_week`: Skill development overhead indicator

### Statistical Characterization Methods

**Distributional Analysis:**
- Compute standardized z-scores for continuous variables within subgroup
- Calculate mode and frequency distributions for categorical variables (`deadline_pressure_level`, `job_role`)
- Assess variance homogeneity compared to population distributions

**Multivariate Pattern Detection:**
Principal component analysis or clustering algorithms could identify latent variable structures common to this subgroup, particularly examining correlations between:
- `work_life_balance_score` (expected << 4.72)
- `error_rate_percent` 
- `task_complexity_score`
- `experience_years`

### Analytical Constraints and Limitations

**Cross-Sectional Design:**
Employee-level data precludes temporal analysis of burnout-productivity associations. Cannot distinguish whether:
- Poor productivity precedes burnout development
- Burnout onset reduces productive capacity
- Common latent factors influence both outcomes

**Measurement Validity:**
Self-reported variables (`ai_tool_usage_hours_per_week`, `focus_hours_per_day`) may exhibit response bias, particularly among high-stress employees. Productivity-burnout associations could reflect measurement artifact rather than substantive workplace patterns.

**Variable Interdependence:**
High multicollinearity expected between workload variables. Partial correlation analysis required to isolate unique associations with the dual burnout-productivity phenotype.

### Comparative Analysis Requirements

**Control Group Specifications:**
1. **High burnout, high productivity**: `(burnout_risk_level == ""High"") & (productivity_score >= 64.95)`
2. **Low burnout, low productivity**: `(burnout_risk_level == ""Low"") & (productivity_score < 64.95)`
3. **Population baseline**: Full sample statistics

**Effect Size Quantification:**
Cohen's d calculations for continuous variable differences between target subgroup and comparison groups, with particular attention to variables showing |d| > 0.5 medium effect sizes.

### Role-Stratified Analysis

**Categorical Breakdown:**
Examine `job_role` distribution within subgroup:
- Chi-square goodness-of-fit test comparing subgroup role frequencies to population proportions
- Role-specific odds ratios for dual high burnout/low productivity classification
- Within-role standardized residuals to identify over/under-represented positions

**Interaction Effects:**
Test for `job_role` × workload variable interactions that may be specific to this subgroup, particularly examining whether certain roles show distinctive patterns when experiencing both burnout and productivity deficits.

### Methodological Considerations

**Multiple Comparisons:**
With 14+ continuous variables for characterization, Bonferroni correction (α = 0.05/14 = 0.004) required for statistical significance testing to control Type I error inflation.

**Missing Data Handling:**
Subgroup analysis sensitivity to missing data patterns, particularly if burnout-productivity dual impairment correlates with survey non-response on key workplace variables."
What workplace factors seem most associated with burnout in this dataset?,executive,"## Executive Summary: Key Workplace Factors Associated with Burnout

**Main Finding:** The dataset contains multiple workplace factors that likely show strong associations with burnout risk, but detailed analysis is needed to identify which have the strongest relationships with the high burnout levels affecting 73% of employees.

**Priority Factors to Examine:**
- **Workload imbalance**: High manual work hours (averaging 22+ per week) combined with limited automation
- **Work-life balance**: Current average of 4.72 suggests room for improvement
- **Deadline pressure**: High-pressure environments likely correlate with elevated burnout scores
- **Meeting overload**: Excessive meeting hours may reduce productive work time
- **Focus disruption**: Limited deep work hours per day could indicate constant interruptions

**Technology and Learning Factors:**
- **AI adoption gaps**: Lower AI tool usage may leave employees with more manual, repetitive work
- **Continuous learning burden**: Time spent learning new tools without reducing other workload
- **Task complexity**: Overwhelming complexity scores relative to employee capabilities

**Performance-Related Associations:**
- **Error rates**: Higher mistake percentages may both contribute to and result from burnout
- **Productivity scores**: The relationship between burnout (8.35/10) and productivity (64.95) needs examination

**Immediate Workplace Implications:**
- Address workload distribution and manual work reduction through better automation
- Review meeting cultures and protect focus time for deep work
- Ensure AI tool training translates to actual work reduction, not additional burden
- Implement work-life balance initiatives given current low scores

**Action Required:** Analyze correlations between these workplace factors and burnout scores to prioritize which interventions will have the biggest impact on the 73% of employees currently at high burnout risk."
What workplace factors seem most associated with burnout in this dataset?,analytical,"## Workplace Factors Associated with Burnout Risk

The dataset provides comprehensive workplace variables that can reveal patterns associated with burnout risk. While the available summary statistics don't show direct correlations, the data structure suggests several key areas where associations are likely to emerge.

### Workload and Time Management Factors

**Manual Work Intensity:**
The average of 22.37 manual work hours per week represents a substantial workload that likely varies significantly across employees. Those with higher `manual_work_hours_per_week` may show elevated `burnout_risk_scores`, particularly when combined with limited automation. The relationship between manual hours and `tasks_automated_percent` could reveal whether employees are stuck in inefficient workflows.

**Meeting and Collaboration Burden:**
Excessive time in `meeting_hours_per_week` and `collaboration_hours_per_week` may correlate with higher burnout risk, especially when it reduces `focus_hours_per_day` for deep work. This pattern could be particularly pronounced among Managers (652 employees) compared to individual contributor roles.

**Deadline Pressure Patterns:**
The categorical `deadline_pressure_level` variable (Low, Medium, High) likely shows strong associations with burnout outcomes. Employees experiencing ""High"" deadline pressure probably demonstrate elevated `burnout_risk_scores` and may cluster in the High burnout category (currently 73% of workforce).

### Technology Adoption and Learning Burden

**AI Tool Utilization Patterns:**
With an average of 10.35 hours per week in AI tool usage, there's likely significant variation across employees. Those with lower `ai_tool_usage_hours_per_week` may experience higher burnout if they're handling more manual processes, while those with higher usage might show different patterns depending on implementation effectiveness.

**Automation Efficiency:**
The `tasks_automated_percent` variable could reveal important associations - employees with low automation percentages despite available tools may experience higher frustration and burnout risk. The combination of high `learning_time_hours_per_week` with low task automation might indicate ineffective technology adoption.

### Work-Life Integration and Focus

**Balance Score Relationships:**
The current average `work_life_balance_score` of 4.72 suggests room for improvement across the organization. This metric likely shows strong negative associations with burnout risk - employees with lower balance scores probably cluster in higher burnout categories.

**Deep Work Capacity:**
`Focus_hours_per_day` represents a crucial factor for both productivity and wellbeing. Employees with fragmented attention and limited focus time may show elevated burnout risk, particularly in roles requiring concentrated work like Developers or Analysts.

### Performance and Error Patterns

**Quality and Stress Relationships:**
`Error_rate_percent` may show bidirectional associations with burnout - higher error rates could both contribute to stress and result from burnout-related fatigue. The relationship between errors, `task_complexity_score`, and burnout risk could reveal whether employees are overwhelmed by their responsibilities.

**Experience and Adaptation:**
`Experience_years` might moderate other associations - newer employees may show different burnout patterns related to learning curves, while experienced employees might face different stressors related to increased responsibilities or change fatigue.

### Role-Specific Association Patterns

The six job roles likely exhibit distinct burnout association patterns:

**Developers (1,115 employees):** May show associations between burnout and factors like focus time disruption, technical complexity, and AI tool adoption effectiveness.

**Managers (652 employees):** Likely demonstrate associations between meeting hours, collaboration demands, and burnout risk.

**Creative roles (Designers, Writers, Marketers):** May show unique patterns related to task complexity, deadline pressure, and creative focus requirements.

### Comparative Analysis Framework

To identify the strongest associations, analysis would compare:
- High vs. low burnout employees across all workplace variables
- Role-specific patterns to identify universal vs. job-specific factors
- Interaction effects between variables (e.g., high manual work + low automation)
- Threshold effects where certain combinations become particularly problematic

The current organizational context - with 73% high burnout risk and relatively low work-life balance scores - suggests that multiple factors are likely operating simultaneously rather than single dominant drivers. This points toward systemic workplace patterns rather than isolated issues."
What workplace factors seem most associated with burnout in this dataset?,technical,"## Technical Analysis: Workplace Factors Associated with Burnout Risk

### Variable Classification and Association Framework

The dataset contains 14 workplace variables that can be categorized into distinct domains for burnout association analysis with the dependent variables `burnout_risk_score` (continuous, μ = 8.35) and `burnout_risk_level` (categorical, 73.4% High).

### Primary Candidate Predictors

**Workload Variables:**
- `manual_work_hours_per_week` (μ = 22.37): Expected negative correlation with wellbeing outcomes
- `meeting_hours_per_week`, `collaboration_hours_per_week`: Time allocation efficiency metrics
- `focus_hours_per_day`: Attention fragmentation indicator, likely negatively associated with `burnout_risk_score`

**Technology Adoption Variables:**
- `ai_tool_usage_hours_per_week` (μ = 10.35): Potential protective factor if associated with reduced manual workload
- `tasks_automated_percent`: Process efficiency metric, hypothesized negative association with burnout
- `learning_time_hours_per_week`: Skill development overhead, potential positive association with burnout if excessive

**Stress Indicators:**
- `deadline_pressure_level` (ordinal categorical): High expected effect size for burnout associations
- `task_complexity_score`: Cognitive load metric
- `error_rate_percent`: Performance quality indicator with potential bidirectional associations

### Statistical Modeling Considerations

**Correlation Matrix Requirements:**
Pearson correlations between continuous predictors and `burnout_risk_score`, with Spearman rank correlations for ordinal variables (`deadline_pressure_level`). Point-biserial correlations for continuous predictors with dichotomized `burnout_risk_level` (High vs. Medium/Low).

**Multicollinearity Assessment:**
Expected high intercorrelations between workload variables (`manual_work_hours_per_week`, `meeting_hours_per_week`, `collaboration_hours_per_week`). Variance inflation factors (VIF) analysis required before multivariate regression modeling.

**Effect Size Quantification:**
Cohen's conventions for correlation interpretation:
- |r| ≥ 0.5: Large association
- |r| ≥ 0.3: Medium association  
- |r| ≥ 0.1: Small association

### Role-Stratified Analysis Framework

**Job Role Interaction Effects:**
The 6-level `job_role` variable (n = 461-1115 per category) may moderate workplace factor associations through:
- Role × `manual_work_hours_per_week` interactions (expected higher impact for individual contributors)
- Role × `meeting_hours_per_week` interactions (expected higher impact for Managers)
- Role × `ai_tool_usage_hours_per_week` interactions (potentially strongest for Developers/Analysts)

**Within-Role Variance Analysis:**
ANOVA decomposition to assess between-role vs. within-role variance in `burnout_risk_score` across workplace factors.

### Methodological Limitations

**Cross-Sectional Design Constraints:**
Employee-level observational data precludes temporal ordering. High correlations between workplace factors and `burnout_risk_score` may reflect:
- Workplace conditions → burnout risk
- Burnout status → altered work patterns
- Third-variable confounding (organizational culture, individual differences)

**Measurement Scale Ambiguity:**
Several variables lack specified ranges or validation information:
- `burnout_risk_score`: Scale boundaries undefined
- `work_life_balance_score` (μ = 4.72): Interpretation relative to scale maximum unclear
- `task_complexity_score`, `productivity_score`: Standardization unknown

**Self-Report Bias:**
Subjective variables (`focus_hours_per_day`, `ai_tool_usage_hours_per_week`) may exhibit systematic reporting biases, particularly among high-burnout employees.

### Expected Association Patterns

**High-Magnitude Associations (|r| ≥ 0.4):**
- `work_life_balance_score` ↔ `burnout_risk_score` (negative)
- `deadline_pressure_level` ↔ `burnout_risk_score` (positive)
- `manual_work_hours_per_week` ↔ `burnout_risk_score` (positive)

**Moderate Associations (0.2 ≤ |r| < 0.4):**
- `focus_hours_per_day` ↔ `burnout_risk_score` (negative)
- `error_rate_percent` ↔ `burnout_risk_score` (positive)
- `tasks_automated_percent` ↔ `burnout_risk_score` (negative)

### Advanced Analytical Approaches

**Principal Component Analysis:**
Dimensionality reduction of the 14 workplace variables to identify latent factors (e.g., ""Workload Intensity,"" ""Technology Adoption,"" ""Work Quality"") for parsimony in burnout prediction models.

**Machine Learning Feature Importance:**
Random forest or gradient boosting algorithms to rank variable importance for `burnout_risk_level` classification, accounting for non-linear associations and interaction effects not captured in correlation analysis.

**Mediation Analysis:**
Potential mediation pathways (e.g., `manual_work_hours_per_week` → `work_life_balance_score` → `burnout_risk_score`) using structural equation modeling approaches.

### Population Context Interpretation

The extreme `burnout_risk_level` distribution (97.6% Medium-High) suggests either:
- Severe organizational wellness crisis requiring immediate intervention
- Scale calibration issues resulting in restricted range
- Selection bias in survey participation

This distribution pattern limits discriminatory power for identifying workplace factors specific to high-burnout employees, as the majority of the sample falls into this category."
